{
  "ks": [
    10,
    15,
    20,
    25,
    30,
    35,
    40,
    45,
    50,
    55,
    60,
    65,
    70,
    75,
    80,
    85,
    90,
    95,
    100
  ],
  "radii": [
    0.7026207139056461,
    0.5708117349383792,
    0.413274756145887,
    0.38469242291408323,
    0.21970303128877428,
    0.21510828444747299,
    0.20990332115217553,
    0.14123167243273027,
    0.12942687700413283,
    0.12576009508120659,
    0.12547111002165248,
    0.1226033401325172,
    0.121385100078726,
    0.11935990594139113,
    0.11245601873325688,
    0.10486074518608948,
    0.10027929355111571,
    0.09586498829443293,
    0.0922393489243474
  ],
  "suggested_k": 45
}