{
  "static": {
    "mode": "static",
    "tti_mean": 120.77466351019595,
    "tti_std": 16.71028066586198,
    "tti_median": 119.99096009082217,
    "tti_all": [
      121.77785826934904,
      124.34165367868881,
      128.99458767693065,
      120.32147100024828,
      115.48899616096925,
      123.101453136802,
      107.46975347723819,
      145.80881821152627,
      148.13725348594463,
      132.15917015754746,
      135.76537322051303,
      98.30644953714804,
      118.77948602878811,
      90.87761351344116,
      120.61279906615935,
      116.90516259367527,
      114.95228352305897,
      125.17089504894884,
      111.91712221504437,
      133.01443942364023,
      126.10177133911725,
      111.63642629585325,
      177.2967254774075,
      137.8818691206299,
      136.9167800466239,
      111.65024494219546,
      142.0289907341228,
      103.7325299419843,
      137.27286472667802,
      85.24664073263196,
      133.60625415038106,
      126.59464592797282,
      92.23264196557999,
      145.26198852112032,
      109.65195069685961,
      110.39249356133156,
      145.6091156002002,
      121.17404662515654,
      124.34610385636778,
      138.16764090269848,
      118.96583868934269,
      154.29791650318936,
      116.13599164416716,
      125.73697768070711,
      120.37338464918759,
      154.651811594055,
      135.29130412091658,
      104.17995215827904,
      116.50836999954764,
      114.99631454711633,
      108.45790632688684,
      122.9057352708452,
      133.06066652961178,
      116.75202315973505,
      129.7834509423865,
      101.76277202362088,
      105.14806992673535,
      91.0950537019137,
      113.47031029775074,
      118.97990703339465,
      117.16257483718012,
      102.27618793985242,
      119.82308708640127,
      85.18575380402653,
      136.62338707348036,
      136.3495698012553,
      145.78010051151878,
      135.70752422563504,
      132.3832925181241,
      129.73053582571274,
      120.15883309524305,
      128.73840600866026,
      115.3739634882724,
      114.24305670517683,
      117.83904513092489,
      124.68148891440079,
      127.5420435897858,
      107.55194087747229,
      128.67130012808983,
      112.6587966470906,
      111.55291839885138,
      119.64048362450387,
      114.92036213439772,
      97.102933206487,
      101.7850237852515,
      134.41145529920044,
      96.3293563563803,
      105.57111782881056,
      128.9337826294609,
      110.78435255904446,
      105.24175426073238,
      132.86275770310593,
      123.34152768763558,
      79.7773626284454,
      148.72035306574395,
      105.50374420313177,
      145.84463010432478,
      112.1833776831108,
      94.69793667255608,
      116.52211159015457
    ]
  },
  "camouflage": {
    "mode": "camouflage",
    "tti_mean": 404.4439118324577,
    "tti_std": 37.02972291455328,
    "tti_median": 404.4654594310846,
    "tti_all": [
      406.63191131380927,
      426.9567649260469,
      333.47928594824765,
      461.9698929665619,
      408.36349463540427,
      498.487932323359,
      521.8439240703824,
      390.15480830500877,
      417.8687483397053,
      385.4848383814322,
      427.37892161856576,
      430.2690431903096,
      405.203629037494,
      433.0995591524682,
      384.066306808548,
      351.6871414991927,
      418.54668819342317,
      430.49285416419644,
      408.0749609021387,
      403.7519470995559,
      378.44296434944863,
      401.0928495697512,
      389.98715761946477,
      402.69508271367397,
      362.6191764862527,
      437.6145792964744,
      352.86068149946664,
      430.2782610545238,
      383.28928898146785,
      382.2574833746786,
      384.90890860509734,
      411.33657660858125,
      342.81936628236514,
      378.9427196223895,
      358.01581710437415,
      399.9656658867174,
      419.09134567353874,
      416.34667514466946,
      467.4838827798249,
      379.13012503322454,
      429.1992350718098,
      440.3366756826749,
      346.4018799171735,
      417.9084058804861,
      348.4002296452794,
      414.4775331880266,
      414.4100595093307,
      360.66148680790997,
      394.4806876684563,
      324.9987653234559,
      398.17469416193273,
      386.01329509664095,
      386.84268161283967,
      419.0756960789237,
      327.1340505529315,
      424.6701394036492,
      396.64815523813513,
      432.3692763823019,
      373.6713164378248,
      445.2181920124804,
      394.42264672186445,
      439.4622530573802,
      424.87892892540447,
      376.18449999200084,
      333.47858986446386,
      432.9608841174464,
      459.7085496013805,
      399.2238717329028,
      383.2003283214294,
      382.3780370181272,
      415.7086258707175,
      377.99091900486496,
      382.2465210923927,
      363.61665438787384,
      400.91248652303443,
      365.5674489475188,
      451.0825698688965,
      405.30432179359997,
      381.21939574629755,
      391.2014037233564,
      400.3106529527958,
      384.21228400970296,
      416.73546088826026,
      415.23062613886856,
      442.44667500939033,
      473.40636635722325,
      420.842529473553,
      414.6135925830072,
      378.40918217068645,
      392.81769408907485,
      500.80032263041323,
      421.6714947101065,
      405.17897176261334,
      436.0130598821772,
      363.16476361300806,
      440.43268300340924,
      348.01620827772103,
      439.50763262782453,
      474.7845503275113,
      410.96378019337305
    ]
  },
  "tti_increase_pct": 234.87479913228162
}